{
  // Build Fields
    "MANUFACTURER": "Google",
    "MODEL": "Pixel 10 Pro",
    "FINGERPRINT": "google/blazer_beta/blazer:16/BP41.250822.010/14082742:user/release-keys",
    "BRAND": "google",
    "PRODUCT": "blazer_beta",
    "DEVICE": "blazer",
    "RELEASE": "16",
    "ID": "BP41.250822.010",
    "INCREMENTAL": "14082742",
    "TYPE": "user",
    "TAGS": "release-keys",
    "SECURITY_PATCH": "2025-09-05",
    "DEVICE_INITIAL_SDK_INT": "32",

  // System Properties
    "*.build.id": "BP41.250822.010",
    "*.security_patch": "2025-09-05",
    "*api_level": "32",

  // Advanced Settings
    "spoofBuild": "1",
    "spoofProps": "1",
    "spoofProvider": "0",
    "spoofSignature": "0",
    "spoofVendingSdk": "0",
    "verboseLogs": "0"

  // Beta Released: 2025-09-17
  // Estimated Expiry: 2025-10-29
}
